Model,Total,Excellent,Good,Acceptable,Poor,Success_Rate,MAE,Median_Error,Std_Dev,Min_Error,Max_Error
Original Fusion Model,15,4,3,4,4,46.666666666666664,10.480855675219653,12.286361566952197,6.754626302416136,0.7323072003161073,21.617165793638485
Facial-Only Model,15,4,2,3,6,40.0,14.290736529988527,13.130699831632008,12.778693736812004,0.6855200339799126,42.19380051489477
Voice-Only Model,15,5,3,3,4,53.333333333333336,10.98916457902698,9.230844792635956,7.786713978840023,0.8084543948154064,25.253851056624367
Fusion-Only Model,15,4,3,4,4,46.666666666666664,10.480855675219651,12.286361566952197,6.754626302416136,0.7323072003161073,21.617165793638485
