Modality,MAE,RMSE,r,p-value,R²
Fusion,10.480855675219651,12.346321195848438,0.7701250338420448,0.0007826991926354145,0.5930925677502106
Voice,10.98916457902698,13.317374306796355,0.7050163660831157,0.003330224024524022,0.4970480764450418
Facial,14.290736529988527,18.884751254583797,0.1899948854976009,0.4976268445200699,0.03609805651524648
