{
  "fused_arousal": {
    "stat": 2.8799999999999955,
    "pvalue": 0.2369277586821223
  },
  "fused_valence": {
    "stat": 0.240000000000002,
    "pvalue": 0.8869204367171566
  },
  "fused_intensity": {
    "stat": 0.2600000000000051,
    "pvalue": 0.8780954309205591
  },
  "combined_arousal": {
    "stat": 3.440000000000012,
    "pvalue": 0.17906614791149206
  },
  "combined_valence": {
    "stat": 1.220000000000006,
    "pvalue": 0.5433508690744981
  },
  "combined_intensity": {
    "stat": 0.7199999999999989,
    "pvalue": 0.6976763260710315
  }
}