Model,RMSE,MAE,R²,Correlation,P_Value
Ridge Regression,12.346321195848438,10.480855675219651,0.563358993459413,0.7701250338420448,0.0007826991926354145
ElasticNet,12.751003965990893,10.683715010754254,0.534265791032538,0.7552275239882529,0.0011320176403997817
Lasso Regression,16.56576774539321,13.416609333975122,0.21390956209862266,0.6244112921544888,0.012836792593524882
Random Forest,17.00514501251284,14.254341216931218,0.17165728592567753,0.4483477055244512,0.09370757811662637
Gradient Boosting,18.264951607711893,15.20489155451396,0.04437736286904492,0.34022842584844104,0.21467385774139863
Support Vector Regression,18.478768001751106,13.861974439210815,0.0218726489545501,0.625151981424988,0.012699344100348519
