Modality,Best_Model,RMSE,MAE,R2,Correlation
Facial,Random Forest,16.591427697356707,13.158440608465611,0.21147240791399424,0.46657079170187804
Voice,Random Forest,15.899655442534648,12.302503730158724,0.27585622282162314,0.5613446843795606
Fusion,Ridge Regression,12.563149009423604,10.95857323602891,0.547887620399279,0.7614804832655206
